{
  "project_info": {
    "project_number": "213743577421",
    "firebase_url": "https://friendlychat-6e3c2.firebaseio.com",
    "project_id": "friendlychat-6e3c2",
    "storage_bucket": "friendlychat-6e3c2.appspot.com"
  },
  "client": [
    {
      "client_info": {
        "mobilesdk_app_id": "1:213743577421:android:b5d75907de594a2d",
        "android_client_info": {
          "package_name": "com.aesthetics.simple.grouper"
        }
      },
      "oauth_client": [
        {
          "client_id": "213743577421-lmjt6a6aufo3t5kuqb0lv0kjgkddvi33.apps.googleusercontent.com",
          "client_type": 3
        }
      ],
      "api_key": [
        {
          "current_key": "AIzaSyAmuz4e5ttM8Qgkq_EJ_-Fq3Zw7y2W4AWA"
        }
      ],
      "services": {
        "analytics_service": {
          "status": 1
        },
        "appinvite_service": {
          "status": 1,
          "other_platform_oauth_client": []
        },
        "ads_service": {
          "status": 2
        }
      }
    }
  ],
  "configuration_version": "1"
}