{
  "project_info": {
    "project_number": "742470583878",
    "firebase_url": "https://grouper-chat.firebaseio.com",
    "project_id": "grouper-chat",
    "storage_bucket": "grouper-chat.appspot.com"
  },
  "client": [
    {
      "client_info": {
        "mobilesdk_app_id": "1:742470583878:android:a90f7f1f559edf24",
        "android_client_info": {
          "package_name": "com.aesthetics.simple.grouper"
        }
      },
      "oauth_client": [
        {
          "client_id": "742470583878-vlendvr8g0ahclenou2p5s7cn1fb7s51.apps.googleusercontent.com",
          "client_type": 1,
          "android_info": {
            "package_name": "com.aesthetics.simple.grouper",
            "certificate_hash": "f8685601bc0509a42a970f5e69d163645d4b1b19"
          }
        },
        {
          "client_id": "742470583878-m4lnv1rts09u3lfq8c23gm5n2s0gb2e1.apps.googleusercontent.com",
          "client_type": 3
        }
      ],
      "api_key": [
        {
          "current_key": "AIzaSyAvzGZo4Bg-G8KtBW0lRgdHlvkB4o8myhg"
        }
      ],
      "services": {
        "analytics_service": {
          "status": 1
        },
        "appinvite_service": {
          "status": 2,
          "other_platform_oauth_client": [
            {
              "client_id": "742470583878-m4lnv1rts09u3lfq8c23gm5n2s0gb2e1.apps.googleusercontent.com",
              "client_type": 3
            }
          ]
        },
        "ads_service": {
          "status": 2
        }
      }
    },
    {
      "client_info": {
        "mobilesdk_app_id": "1:742470583878:android:dd7accc3ec1f1f6a",
        "android_client_info": {
          "package_name": "reboot.grouper"
        }
      },
      "oauth_client": [
        {
          "client_id": "742470583878-qnsor3ebs4b97tlj0oot5umo4k64jvd3.apps.googleusercontent.com",
          "client_type": 1,
          "android_info": {
            "package_name": "reboot.grouper",
            "certificate_hash": "f8685601bc0509a42a970f5e69d163645d4b1b19"
          }
        },
        {
          "client_id": "742470583878-m4lnv1rts09u3lfq8c23gm5n2s0gb2e1.apps.googleusercontent.com",
          "client_type": 3
        }
      ],
      "api_key": [
        {
          "current_key": "AIzaSyAvzGZo4Bg-G8KtBW0lRgdHlvkB4o8myhg"
        }
      ],
      "services": {
        "analytics_service": {
          "status": 1
        },
        "appinvite_service": {
          "status": 2,
          "other_platform_oauth_client": [
            {
              "client_id": "742470583878-m4lnv1rts09u3lfq8c23gm5n2s0gb2e1.apps.googleusercontent.com",
              "client_type": 3
            }
          ]
        },
        "ads_service": {
          "status": 2
        }
      }
    }
  ],
  "configuration_version": "1"
}